file_name,drive_id,volume,issue
Heavy Metal v01 01 (1977-04) (Whyld Goose).cbr,1nXvg4Sqv3z1nDYIdMQ8BGoUcv3LMwRaM,1,1
Heavy Metal v01 02 (1977-05).cbr,10voahbgnzadQ2-ckJEFq66deUgKlK07I,1,2
Heavy Metal v01 03 (1977-06).cbr,1QdM6nQnEGdtdpnBTfRXnwcgTlnm7HxOu,1,3
Heavy Metal v01 04 (1977-07) (c2c) (Lazarus-DCP).cbz,1l1rf_Y4jmkqrGYKWabBQyMKmNr2ZkTTf,1,4
Heavy Metal v01 05 (1977-08) (Angelheart).cbr,1sbpzdT-X7OLB53B911HLa0FmwdS801yh,1,5
Heavy Metal v01 06 (1977) (null-DCP).cbz,1Z-JdskYMNcLl91WwR0K7bOR4UaUxS08_,1,6
Heavy Metal v01 07 (1977) (null-DCP).cbz,1Y_fyzEZ8cmMkgHcPlZlaAlnwJ9k0kK4Z,1,7
Heavy Metal v01 08 (1977-11).cbr,1e1Zm5PfKiXrkbjWVjNOfcmp5LstMcsNV,1,8
Heavy Metal v01 09 (1977-12).cbr,1jFkgzJA4R2XdABIKR9fBq45YYxrK44QQ,1,9
Heavy Metal v01 10 (1978-01) (Lazarus-DCP).cbz,1SvwKE4ZUlvUQ3HNgMAXq_AqaeEnnlbiI,1,10
Heavy Metal v01 11 (1978-02).cbr,1Y3cIL1u7su6AYZ1deOavku0mMTQDp5iu,1,11
Heavy Metal v01 12 (1978-03).cbr,1UnPhRABnLiM-XEqE5Khn-vdK4aP9Nkgp,1,12
Heavy Metal v01 13 (1978-04) (c2c) (Lazarus-DCP).cbz,1mH-Vzwah7RYwx2dtqM15V-VaFSgCZcp4,1,13
Heavy Metal v02 01 (1978-05).cbr,1gTkl3zp6wpr2CGDzaX6ktD3Kf0hrXy9Z,2,1
Heavy Metal v02 02 (1978-06) (misprinted as vol III).cbr,1eQgAJoC5C8Zw0qk13n1eJ9lzten83iE2,2,2
Heavy Metal v02 03 (1978-07) (c2c) (Lazarus-DCP).cbz,1CM4-ncBsvbplPEcTEh5ephQppzKluFKr,2,3
Heavy Metal v02 04 (1978-08).cbr,1eidX1GBqGjpxEorwlN20qIqvs-uPK6_R,2,4
Heavy Metal v02 05 (1978-09).cbr,1xaXEHpeqK9OpFMZbOWGpe4C2N8PhxCV9,2,5
Heavy Metal v02 06 (1978-10).cbr,1TknZLNmOPQcK0w7QzcYxwFQyo1O03eqP,2,6
Heavy Metal v02 07 (1978-11).cbr,1uYtQMMqX4hmiRRRFz5Lgk5Y8pQm9L01z,2,7
Heavy Metal v02 008 (1978) (null-DCP).cbz,15Zj2vzFxY25kByla4nga95otLZXO02jH,2,8
Heavy Metal v02 09 (1979-01) (Incomplete).cbr,1gtckIfW-DBONnxm1Jeg2t6hodlQI7hOF,2,9
Heavy Metal v02 10 (1979-02) (c2c) (Foyle-DCP%26Darkside).cbr,1gX74sI-eLbQM32B-iYYNIZvOEuVW8GWS,2,10
Heavy Metal v02 11 (1979-03) (c2c) (Foyle-DCP%26Darkside).cbr,1pWTPEuE-SnYlaRlOi6F3hwaea4jFEXJF,2,11
Heavy Metal v02 12 (1979-04).cbr,1uuShDQIYV3ieh2xtVzU80_sAtsrvxhGB,2,12
Heavy Metal v03 01 (1979-05) (fixed by glitch-DCP).cbr,1UFhaQV9mgmMQx755BEGktvQaGJVfxVbD,3,1
Heavy Metal v03 002 (1979) (null-DCP).cbz,1texO5yYRcz0m0l2JeBDF7idb1s6Hpp_f,3,2
Heavy Metal v03 03 (1979-07) (c2c) (Lazarus-DCP).cbz,1G0M_ePGbSPaeCKUp4-KA558oGgzpWzGe,3,3
Heavy Metal v03 04 (1979-08) (c2c) (Lazarus-DCP).cbz,157_NNUUpCXxozxvfWboK9YCdGmSJJLSL,3,4
Heavy Metal v03 05 (1979-09) (c2c).cbz,14ZnfL9itupYrchYm-SgQA0JZ6KVwqw0g,3,5
Heavy Metal v03 06 (1979-10) (glitch-DCP).cbr,1901Lmks6eQyfBl7LzOl45bLXw7p-O5kS,3,6
Heavy Metal v03 07 (1979-11) (c2c).cbz,1ZJs1lxYfJrj4LddqVxoXKimaEbVi_5kI,3,7
Heavy Metal v03 08 (1979-12) (c2c) (Lazarus-DCP).cbz,195WDP4a4mSvMzZq5cihTfI8Owhp-gkrF,3,8
Heavy Metal v03 09 (1980-01) (c2c) (Lazarus-DCP).cbz,1MNjpAGIfR4XMCvcw2HpWSrV66GMQwgsQ,3,9
Heavy Metal v03 10 (1980-02) (c2c) (Foyle-DCP%26Darkside).cbr,1tO-wDcwtoDxMwo27ht_pCk3YQZewvNhN,3,10
Heavy Metal v03 11 (1980-03) (c2c) (Lazarus-DCP).cbz,19qE7ZqGMnAdxhoumf49eDwF3MLMWZOI9,3,11
Heavy Metal v04 01 (1980-04) (c2c) (Lazarus-DCP).cbz,1m8HQru1oEuh1H2OLlCwgYdzo3d0TZKB5,4,1
Heavy Metal v04 02 (1980-05) (FPScans) (rescan).cbr,1mD9wk2kgwitONWITk8ZpjlZQN8WsOKIK,4,2
Heavy Metal v04 03 (1980-06) (c2c) (Bluenaga).cbr,1Bk4ps2_khTRty90MHvHV6FtDmOos4gV7,4,3
Heavy Metal v04 04 (1980-07) (c2c) (Lazarus-DCP).cbz,1drnKkrjSxSfch6nH90gGoV_Js7gtkSCi,4,4
Heavy Metal v04 005 (1980) (null-DCP).cbz,1VhS4te_4zRoXFPugycuF8MPg0gH9N2B6,4,5
Heavy Metal v04 06 (1980-09) (c2c) (Lazarus-DCP).cbz,10GfHTtr0nxc3Nnv5OzkU7ezqMGWoXOpB,4,6
Heavy Metal v04 07 (1980-10) (c2c) (Lazarus-DCP).cbz,10dvSsxrMRbGLcyw1qHyuQuucDFo6edce,4,7
Heavy Metal v04 08 (1980-11) (c2c) (Lazarus-DCP).cbz,13K-RLi2EzgHVP5B173UVWlLIQFtNTHQi,4,8
Heavy Metal v04 09 (1980-11) (c2c) (Lazarus-DCP).cbz,1sLJTm64uybSkHPnHfz5tDR8AFXMxcy_H,4,9
Heavy Metal v04 10 (1981-01) (c2c) (Lazarus-DCP).cbz,1e2F0xdsZiLdfuByZlmPL2OT5fx_SCupO,4,10
Heavy Metal v04 11 (1981-02) (c2c) (Lazarus-DCP).cbz,1B2_JinAv-uYazJV-KbDbHadCK6j1f0PW,4,11
Heavy Metal v04 12 (1981-03) (glitch-DCP).cbr,1jDxRKhHGLksCfMso-lgzGcr-HyAGtnYX,4,12
Heavy Metal v05 01 (1981-04) (c2c) (Lazarus-DCP).cbz,13-rQrCO6x_6kPBBhsNqBtIZl0Bt6iJVa,5,1
Heavy Metal v05 02 (1981-05).cbr,1JYeTGH7tAFpm_aVUsiPE6LIYuMxMimop,5,2
Heavy Metal v05 03 (1981-06) (c2c) (Lazarus-DCP).cbz,1TcdftkRCmO0ZKxL2_ndz50VArPrv8txC,5,3
Heavy Metal v05 04 (1981-07) (c2c) (Bluenagascan) (FIXED).cbr,1BzaSnNuiwVRWk7fyUk71yxfXDGdTxFLv,5,4
Heavy Metal v05 05 (1981-08).cbr,1kz4EtSVlkYQtrApBf5UQFrRN4wjlby71,5,5
Heavy Metal v05 06 (1981-09).cbr,1fGJM19WsXZv_u2cVnEY7BO8bgVN7_fiS,5,6
Heavy Metal v05 07 (1981-10).cbr,14WVmPwW8AvRaK0noZZ19MPecDU5OLXeR,5,7
Heavy Metal v05 08 (1981-11) (FPScans) (rescan).cbr,15aKL3Pc0LvdoLeZRaTN1dSR-S8vLoI4a,5,8
Heavy Metal v05 09 (1981-12).cbr,1EGlguAcJyzJt2tMci92mJCL4WAQBy6it,5,9
Heavy Metal v05 10 (1982-01) (Jnx-HaCsA).cbz,1N8kaZnLYRulge3jF8A0CHJvTGD13m1zc,5,10
Heavy Metal v05 11 (1982-02) (Jnx-HaCsA).cbr,1Xd5C7TB-KF2YxAgwwdX5FMDwwGESbhWt,5,11
Heavy Metal v05 12 (1982-03) (Jnx-HaCsA).cbr,1lZkDQi2HREaiivuL7-MD_ljEHAIoa7l8,5,12
Heavy Metal v06 01 (1982-04) (Jnx-HaCsA).cbr,1WAoiJar9vvBfFlgM11tGgDMdYFT2XOPI,6,1
Heavy Metal v06 02 (1982-05) (Jnx-HaCsA).cbr,1Usttx8kLLfYvSC3UrK-StUoSsb9LhFRK,6,2
Heavy Metal v06 03 (1982-06) (Jnx-HaCsA).cbr,1W8khAxgutpe13wUdJ4YUBSJVGcuxiaWT,6,3
Heavy Metal v06 04 (1982-07) (Jnx-HaCsA).cbr,1BGcSeAnA46O62RhNa4d1w3Q_o3it1uZv,6,4
Heavy Metal v06 05 (1982-08) (Jnx-HaCsA).cbr,1Rg6REfZLS8lfpUkf_TxRS_CbY67GsAB8,6,5
Heavy Metal v06 06 (1982-09) (Jnx-HaCsA).cbr,1y_vhRgj5F1IgR_GajfjIcd6kVmTSuIcY,6,6
Heavy Metal v06 07 (1982-10) (Jnx-HaCsA).cbr,1QgBpUZ1kfvUTc6LjyHtNL5rw1BNnUTvc,6,7
Heavy Metal v06 08 (1982-11) (Jnx-HaCsA).cbr,1YlSHRdBNgejOP4sTNYrQigpsGnVckF7b,6,8
Heavy Metal v06 09 (1982-12) (Jnx-HaCsA).cbr,101xoJe34Xz8_MneBkcDouqP6FEeLC0K9,6,9
Heavy Metal v06 10 (1983-01) (Jnx-HaCsA).cbr,1SS3icUO9PRfnVDTodyUf00TELFuvog7Q,6,10
Heavy Metal v06 11 (1983-02) (Jnx-HaCsA).cbr,1ZdIb7g2g1RBtgooy-1jWKvd77_26KQKo,6,11
Heavy Metal v06 12 (1983-03) (Jnx-HaCsA).cbr,1_5WpMBf1d1cxhdp_9ZAfsdB0kOKSgTm2,6,12
Heavy Metal v07 01 (1983-04) (Jnx-HaCsA).cbr,1hS_9ro847PxvtC2Ic7sEZGJxEFnOTmjj,7,1
Heavy Metal v07 02 (1983-05) (Jnx-HaCsA).cbr,1RaoPSlOHdG3Bn7ERhOA53QU0NvHlY4Ha,7,2
Heavy Metal v07 03 (1983-06) (Jnx-HaCsA).cbr,18Gj8kJ0zopo5QZGR8ml7fdj8TL1a8WaH,7,3
Heavy Metal v07 04 (1983-07) (Jnx-HaCsA).cbr,1QWtEER1taN31J3B7GYNLYdhcJ_j6r2S4,7,4
Heavy Metal v07 05 (1983-08) (Jnx-HaCsA).cbr,1LFiyjnGSOAdiQ08NemM73Nhw0A-gU9Kv,7,5
Heavy Metal v07 06 (1983-09) (Jnx-HaCsA).cbr,1wLG7bzu80FYd8KUSjM-TMOn62zQN9Zr8,7,6
Heavy Metal v07 07 (1983-10) (Jnx-HaCsA).cbr,12qNdi3ia6o_dMgdNMoaeKv-yNvlfXuxA,7,7
Heavy Metal v07 08 (1983-11) (Lazarus-DCP).cbz,1owS-8yzYqdIRiL3_uIfTwfFJAwaSY98B,7,8
Heavy Metal v07 09 (1983-12) (Lazarus-DCP).cbz,1ae8M1g8WANZ0793zEuaY3l6Aqoa66RPQ,7,9
Heavy Metal v07 10 (1984-01) (c2c) (Lazarus-DCP).cbz,1gV2VHsUmwuYYdP1io07OuMm64_jxxonp,7,10
Heavy Metal v07 11 (1984-02) (c2c) (Lazarus-DCP).cbz,12Qfyz2RRsNBP8N7aLDORKcYSwCLsBGvb,7,11
Heavy Metal v07 12 (1984-03) (c2c) (Lazarus-DCP).cbz,1v-4NmtuTY2WHuON6i0RcndYxlh_x_Zvk,7,12
Heavy Metal v08 01 (1984-04).cbr,1l95n7kRi10dfkJ6uU_VG3YLKvZ2_eOLL,8,1
Heavy Metal v08 02 (1984-05) (c2c) (Lazarus-DCP).cbz,1p-asiddfPiCnkQNl5S29wgdqiHHLNkza,8,2
Heavy Metal v08 03 (1984-06) (c2c) (Lazarus-DCP).cbz,1Jms3tT92wOv6In_yE8KrLq6ELyDWJPcY,8,3
Heavy Metal v08 04 (1984-07) (c2c) (Lazarus-DCP).cbz,1emPK2dPEdATsPcnH-9ZX7kdWWetO1xAs,8,4
Heavy Metal v08 05 (1984-08) (c2c) (Lazarus-DCP).cbz,1SLSMaDiDtZZKpzB7eNCPQkwKDlCUVsyz,8,5
Heavy Metal v08 06 (1984-09) (c2c) (Lazarus-DCP).cbz,13HzYMzy0ghGKduNLHX29wRtSAMJ7RQPl,8,6
Heavy Metal v08 07 (1984-10) (c2c) (Lazarus-DCP).cbz,1L9KOwVqjHkNFDqJ07wlDLaFVde_tBRTO,8,7
Heavy Metal v08 08 (1984-11) (c2c) (Lazarus-DCP).cbz,11bPNQeByNOlvPonyMR_WkrcwHx69yhbu,8,8
Heavy Metal v08 09 (1984-12) (c2c) (Lazarus-DCP).cbz,15pXJxMNhgB_rpriJBgM_NcPGlrpxyK0Z,8,9
Heavy Metal v08 10 (1985-01) (c2c) (Lazarus-DCP).cbz,1ZdQ6gtcOtUD-VPV3UJmQa-kUt-7JVfYH,8,10
Heavy Metal v08 11 (1985-02).cbz,12yX5YsEotJsEmJ6J5QbsTwr8gUyz8if4,8,11
Heavy Metal v08 12 (1985-03).cbz,1c7j_25enfjseqE7G_jwcGpOCR-fUOCHb,8,12
Heavy Metal v09 01 (1985-04) (c2c) (Lazarus-DCP) (mislabel v09 13).cbz,16tObMcti-yKezf0LcYI7EA4n0ksup9Wx,9,1
Heavy Metal v09 02 (1985-05) (c2c) (Lazarus-DCP).cbz,1WhYXhHvyWPuk-r8dIGSPoczRjybWiYHp,9,2
Heavy Metal v09 03 (1985-06) (c2c) (Lazarus-DCP).cbz,16tHcbx1f4LARj5F6Ntcf--LtBkpfuCzW,9,3
Heavy Metal v09 04 (1985-07) (c2c) (Lazarus-DCP).cbz,190D1AjCU5Asjwkx-3ruUJR78jv23eYkC,9,4
Heavy Metal v09 05 (1985-08) (c2c) (Lazarus-DCP).cbz,1o0RWXPKymYjYnq_zeeMds6d3Q9KGgSik,9,5
Heavy Metal v09 06 (1985-09) (c2c) (Lazarus-DCP).cbz,15X0hYhnnY3fW7mrbiL9l1PLxmG9KUV3D,9,6
Heavy Metal v09 07 (1985-10) (c2c) (Icarus-DCP).cbr,1kYFGC2lrMExElF4xJte7UFzDKxi4xLdG,9,7
Heavy Metal v09 08 (1985-11) (c2c) (Lazarus-DCP).cbz,19fCVC-ApEN-D3qmV83HzP8L-bZh3WwXh,9,8
Heavy Metal v09 09 (1985-12) (c2c) (Lazarus-DCP).cbz,1dG3iBEtltnPWp6vXKvYOhaym8L2jJTNh,9,9
Heavy Metal v09 10 (1986-Winter) (brigus).cbr,1lhPtIk_oHfPD85QcZJY6GGb5HuCAZqu3,9,10
Heavy Metal v10 01 (1986-Spring) (brigus).cbr,10WvZiFrEfQzirEHk73S73cShYY83WBAI,10,1
Heavy Metal v10 02 (1986-Summer) (Humperdido).cbr,1gxSDkbD5h6PWSKPM2o5kyQXy2oO3iHZE,10,2
Heavy Metal v10 03 (1986) (c2c) (Lazarus-DCP).cbz,1cCbR4ErGvlw-vSZmUqldo_2iCJx-f_05,10,3
Heavy Metal v10 04 (1987) (c2c) (Fixed) (CalexicoCA).cbr,15xtiJGR-AeyXUNF2DLmY5OY8XR2uDAZd,10,4
Heavy Metal v11 01 (1987) (Calexicoca).cbr,1uoNBkzxWMRVB01MngSieOsrbOoQYkfUk,11,1
Heavy Metal v11 02 (1987).cbz,1mudXDQBfHt1O2rPP9jZ-Qi8rnNlk3yWu,11,2
Heavy Metal v11 03 (1987) (c2c) (fixed) (CalexicoCA).cbr,1DCdsUv2qpee6EC4vz0V21WPrasH6xFjm,11,3
Heavy Metal v11 04 (1988).cbr,1_0V9ADmtglr7bFkgMMeHbt6nZVip9TBo,11,4
Heavy Metal v12 01 (1988).cbz,1VLc9CREppQvoFoFqqZCFr69J6mkHQaWl,12,1
Heavy Metal v12 02 (1988).cbz,1ddpVepIA1JBOWEh4xmOO3vjm7LBa6y69,12,2
Heavy Metal v12 04 (1989-Winter) (c2c) (Lazarus-DCP).cbz,1YL6UntK6r7JsR7JTmxhU0AQIk-IbRih5,12,4
Heavy Metal v13 01 (1989).cbr,1kgkUcna1_nITSseg5dkzX5D6U6tEO-xK,13,1
Heavy Metal v13 02 (1989-05).cbr,1JccqvUwDCuIZSkXKUI5KpFP_-b5dp7u-,13,2
Heavy Metal v13 03 (1989).cbr,1lnkGTs1qKV-FR_CeKJBXWzEXiSOLXTVh,13,3
Heavy Metal v13 04 (1989-09) (c2c) (Lazarus-DCP).cbz,1yZxxL8T_ZkfOiG-rOd0og6ZdRtUlhvCf,13,4
Heavy Metal v13 05 (1989-11).cbr,1Szd9gvJpbjqFV5k9FyjFYFW7fJRfE4ZA,13,5
Heavy Metal v13 06 (1990-01).cbr,1p2Zv7rwBEnfffb23IgkLnaiZ-BBd2-ow,13,6
Heavy Metal v14 01 (1990-03) (c2c) (Lazarus-DCP).cbz,1eiAbKgp6DhVMpo0wSo0XTFks2V3YG8QP,14,1
Heavy Metal v14 02 (1990-05) (c2c) (Lazarus-DCP).cbz,11uROLSk18wTLobjhclmsYy_GD4WqMsL4,14,2
Heavy Metal v14 03 (1990).cbr,1gOMbmdXUtP3ptiWvcv8HSsHgpLmCk4oa,14,3
Heavy Metal v14 04 (1990-09) (c2c) (Lazarus-DCP).cbz,1LFWotMo56AMIFZIg604p66CuPEAGAwoE,14,4
Heavy Metal v14 05 (1990).cbr,1-UFy3qz-oj_yqfj3cYkwbxtf0f44Ds_3,14,5
Heavy Metal v14 06 (1991-01) (c2c) (Lazarus-DCP).cbz,1DMk7bzoep_wJVaF5wGUBnhG371H2gXoH,14,6
Heavy Metal v15 01 (1991).cbr,12l_i-ttbrYVKxImKqhFB4gmy0MYOoMUK,15,1
Heavy Metal v15 02 (1991-05) (c2c) (Lazarus-DCP).cbz,1GOMkFBq4-7kTrNeS5F1rLs4v0dk9urL8,15,2
Heavy Metal v15 03 (1991-07) (c2c) (Lazarus-DCP).cbz,1wt7CYhjMFeyoUnA3wALU8k2mwRa-rlnr,15,3
Heavy Metal v15 04 (1991).cbz,1VTbgHZuMs0URWleF1iznE1pRg_xWxeOK,15,4
Heavy Metal v15 05 (1991-11) (c2c) (Lazarus-DCP).cbz,1xuX7b6y2n_XRTPRxojSNVIEKbS7UbyjF,15,5
Heavy Metal v15 06 (1992).cbz,1bnb6JgN7jQJ3cTb6HCu17E9q0WrRmygR,15,6
Heavy Metal v16 01 (1992) (null-DCP).cbz,19WCW9JOYp40__8oecLxgza9w9P95Rb8Q,16,1
Heavy Metal v16 02 (1992) (null-DCP).cbz,1LfPXEa-LwJFvyGToI1oV98gTBz83vBgK,16,2
Heavy Metal v16 03 (1992) (null-DCP).cbz,14U_gQ08Zx3hc_OMVru7rOaiGHqK0go9E,16,3
Heavy Metal v16 04 (1992) (null-DCP).cbz,1IaXOs3h53qe6wTjX40pzIhHpjurpGsr8,16,4
Heavy Metal v16 05 (v17 04) (1992-11) (c2c) (L74KL-DREGS).cbr,19eVRcgm2n6YJRmFvMK5auDgOGjjUvt_V,16,5
Heavy Metal v16 06 (v18 05) (1993-01) (c2c) (Lazarus-DCP).cbz,1rDEvIdg_W1ta9wXLnnS5TmiD1yTNREBc,16,6
Heavy Metal v17 01 (v19 06) (1993-03).cbr,1kJRk7QX3kBN58Yrha7ubCWQQtzkIKrPe,17,1
Heavy Metal v17 02 (v30 07) (1993-05).cbr,10aG4wGwPsyfIg-e2ZObPvLkQsyk77jOz,17,2
Heavy Metal v17 03 (1993-07) (Humperdido).cbr,1WlIvTaM9KYE12eo_gYOzl0sZiZsIvQyj,17,3
Heavy Metal v17 04 (1993-09).cbr,1EaH97WvpSYsf9lJHj-0ejgY2F43HIxbq,17,4
Heavy Metal v17 05 (v18 05) (1993-11).cbr,19HQkYJlx32qryausRUIbFkOfVFL0QSqZ,17,5
Heavy Metal v17 06 (1994-01) (Humperdido).cbr,1YyXDotfCmSF_7lwmX3QIRw1N1l_0xVuG,17,6
Heavy Metal v18 01 (1994-03) (Humperdido).cbr,13nCDZOfd962qWraryKdrf7kwITLsRrOd,18,1
Heavy Metal v18 02 (1994-05) (Humperdido).cbr,1yM4HY9C1-_WGV3qjPiPc7Inb_1xmhbPy,18,2
Heavy Metal v18 03 (1994-07) (Humperdido).cbr,1hYLzJ-HDSkFJoL_JsgfsvtvVXK2g6NdX,18,3
Heavy Metal v18 04 (1994-09) (Humperdido).cbr,1ypdygTxEvmAy4nrgJLOdsnc2jlaZqm3J,18,4
Heavy Metal v18 05 (1994-11) (Humperdido).cbr,1m-VEdhWUo7vXmML7xNoUUxKKj_lCa3JE,18,5
Heavy Metal v18 06 (1995).cbr,1Dx-dbi5vCMiwV0ov6Bbz9ggUG37VKtrN,18,6
Heavy Metal v19 01 (1995-03) (Humperdido).cbr,1bsbpdauir6lsDIXWi-eRPrztnGeB2Vz6,19,1
Heavy Metal v19 02 (1995-05) (Humperdido).cbr,1frTjJjZ-oP0ju47j-U6ozwozb3GojKpG,19,2
Heavy Metal v19 03 (1995-07) (Humperdido).cbr,1nkTV6iqwfLOTs_xEpYuTdru0fzAKgOrf,19,3
Heavy Metal v19 04 (1995-09) (Humperdido).cbr,18HNzvT2tfCWBxntFl2HXuTCCz59S3n04,19,4
Heavy Metal v19 05 (1995-11) (Humperdido).cbr,1qT_Y3zuwO07FrUvdPOvJoWb2OvzeYhyP,19,5
Heavy Metal v19 06 (1996-01) (Humperdido).cbr,1Q8dOM804HVUyOJHzY-Z6pnxY4LKFKW-X,19,6
Heavy Metal v20 01 (1996).cbr,1-TlFh_KDnGcH2yvdhGTK5myiDoia8l-a,20,1
Heavy Metal v20 02 (1996 05) (Humperdido).cbr,1HuHTpQoXJr76w7I4MuCY16eJ84O8jgsf,20,2
Heavy Metal v20 03 (1996-07) (Humperdido).cbr,1jCqjngt8OYxbL3B88MXL_lQhG5p1iGWJ,20,3
Heavy Metal v20 04 (1996-09) (Humperdido).cbr,101t2ebg_C307KomvIWdyAKTdVzf3cJWR,20,4
Heavy Metal v20 05 (1996-11) (Humperdido).cbr,1unNc0WGup6Sl8KG9FmIOxI1sTcLUxqjq,20,5
Heavy Metal v20 06 (1997).cbr,1DIS5yPf0fbKMFcbZHpCk6tCVVHapo9n9,20,6
Heavy Metal v21 01 (1997).cbr,1FxpN7U0GM38v5KoFBJ4ZV_4YxzzVUONB,21,1
Heavy Metal v21 02 (1997).cbr,1Qc64Xuw916y6jVRlT-5EyjXdcQB4PoiN,21,2
Heavy Metal v21 03 (1997).cbr,1nUZbJMtrFgVkHGnRPPadYk0c49rSADpP,21,3
Heavy Metal v21 04 (1997-09) (c2c) (Lazarus-DCP).cbz,10ra4sdluMvJzy1cej7xDoD2TphVH6P0x,21,4
Heavy Metal v21 05 (1997-11) (c2c) (Lazarus-DCP).cbz,19pvX6XV2Fc2xtRTzRPxgx75VpKBV0_8N,21,5
Heavy Metal v21 06 (1998-01) (c2c) (Lazarus-DCP).cbz,1frvHgENO58c0KeCGkLESuJlvEqvm19yj,21,6
Heavy Metal v22 01 (1998-03) (c2c) (Lazarus-DCP).cbz,1U85sjdlXhMVnE-4Sj42b__e6kDK3YQyL,22,1
Heavy Metal v22 02 (1998-05) (c2c) (Lazarus-DCP).cbz,1nZKz_dmHT8Z9jlnXKCc0Cc8bizG4sUZb,22,2
Heavy Metal v22 03 (1999-07) (c2c) (Lazarus-DCP).cbz,1l1jFLzQOamkV5TyZyuQId5-zUkx4nnzO,22,3
Heavy Metal v22 04 (1998-09) (c2c) (Lazarus-DCP).cbz,1jzlRn5sXJjAFiNmbmeQK2NABQRiTCyLN,22,4
Heavy Metal v22 05 (1998-11) (c2c) (Lazarus-DCP).cbz,1S2omsPRn29Npncrk4dZ4K6u3sPoLiLLv,22,5
Heavy Metal v22 06 (1999-01) (c2c) (Lazarus-DCP).cbz,13JbH4XOTOijKDQmxVLmb8YReL6pRfspV,22,6
Heavy Metal v23 01 (1999-03) (c2c) (Lazarus-DCP).cbz,1U8BSVhr8WXBYAFCg9IaY66yDZMt2V3gx,23,1
Heavy Metal v23 02 (1999).cbr,1iS1Aju0SsIvWuh4zFlwpwO3YZVVTtkA8,23,2
Heavy Metal v23 03 (1999).cbz,1FztZ48kXPvC491C1qn0KwUKaBWUsLxkI,23,3
Heavy Metal v23 04 (1999-09).cbr,1Rj9mpuOQNvcbjCiN_6iLe1Abth7FwTPy,23,4
Heavy Metal v23 05 (1999).cbz,1kNGgwO0VoUYxb7WZqAZQnJc4lOjA4tlP,23,5
Heavy Metal v23 06 (2000-01) (c2c) (Lazarus %26 Bluenaga).cbz,1IA-l67CfR44gVnM9ugZJn6lDfLJuJemE,23,6
Heavy Metal v24 01 (2000).cbr,1arjbAm_yMr4-RmHasmum5Oz8mi1y2yNN,24,1
Heavy Metal v24 02 (2000) (null-DCP).cbz,1_CvXQQwn5dPaBUwWW5joiRWCJTveK96v,24,2
Heavy Metal v24 03 (2000-07) (c2c) (Lazarus-DCP).cbz,1M2sL1IdKRb931HkL8wHpfY9r1BlZTb3d,24,3
Heavy Metal v24 04 (2000-09) (MetalMammoth).cbr,1rIHRb6cm_XnGxijDj23YkeXhQPZ7KRJL,24,4
Heavy Metal v24 05 (2000).cbr,14310j011Qti5ncZlBNNLDBkmPT-lkhoE,24,5
Heavy Metal v24 06 (2001-01) (MetalMammoth).cbr,1AI26oT4q6aIcfHNzJFjgNaSWAgBPC-jZ,24,6
Heavy Metal v25 01 (2001) (Humperdido).cbr,1ch4_iwTekYsSZBWa3J2dlSjyrh2cTak_,25,1
Heavy Metal v25 002 (2001) (null-DCP).cbz,1fboftQGfo7Cu2jnf_jTOaEp10Wj4XG5H,25,2
Heavy Metal v25 03 (2001) (Humperdido).cbr,1o46qIfipN_k84Q_0vufQA_Tdp2uLwGbu,25,3
Heavy Metal v25 04 (2001) (Humperdido).cbr,1OfkxNTSWTPAQ9sM-Y9iMqcF3kvw1xIF8,25,4
Heavy Metal v25 05 (2001) (Humperdido).cbr,1KKhFio9BhDYZGfDpfYVJbAILRZszO8Ji,25,5
Heavy Metal v25 06 (2002) (Humperdido).cbr,1ebh_GDlNFqDfcBLajtWFIPM1kbGd-Bc4,25,6
Heavy Metal v26 01 (2002).cbr,1wWlKVefG4LGBtdx-JxmbsSAKAMlMcZ_2,26,1
Heavy Metal v26 02 (2002).cbr,1mwdiYisi4U7bUE6uy2jNBw0sIoa-fWL9,26,2
Heavy Metal v26 03 (2002).cbr,11u1ruEVTdkYoUZwXxNqG8xGR7Yfww7Mi,26,3
Heavy Metal v26 04 (2002).cbr,1-QKEYl31kficGdQ80mBJMquYJK3k5LtI,26,4
Heavy Metal v26 05 (2002).cbr,1-7AfY7f2BRzysyVnN8wX9U0Jbmo9BKMR,26,5
Heavy Metal v26 06 (2003) (svengali-DCP).cbz,16Wh72rbaowFgVM4RWIWeDCnqBJ2Eq2e_,26,6
Heavy Metal v27 01 (2003) (svengali-DCP).cbz,1djVUdkKTWrF3J8YGTf2M24vy3VC7tPXO,27,1
Heavy Metal v27 02 (2003) (svengali-DCP).cbz,1rBgTmKZt8GpKWli5sSJWJrofJrC9KQwi,27,2
Heavy Metal v27 03 (2003) (svengali-DCP).cbz,1Et6ShNrOXhrjaULnwtled72UId7cHWw2,27,3
Heavy Metal v27 04 (2003) (svengali-DCP).cbz,1C8sRUBDgHYW7I_3SNIkzMRSGzBuvnmIM,27,4
Heavy Metal v27 05 (2003) (svengali-DCP).cbz,1UfFOMsEou_lo2mvFeFArueS78ZkFlbgE,27,5
Heavy Metal v27 06 (2004) (svengali-DCP).cbz,1eeNaTOzVlR7-oiRVo8sP7b3BCzHP3iZ3,27,6
Heavy Metal v28 01 (2004).cbr,1RKckl7Oe_-s8bLvIcaQZGLrs16NKutZ7,28,1
Heavy Metal v28 02 (2004) (Humperdido).cbr,1zWBHqpEImcdjY2VqGYORLbLlg2qcxmuY,28,2
Heavy Metal v28 03 (2004) (Humperdido).cbr,1Wc1YAzmVlb_KDZ8b3pqpkW1EpOsh-O5x,28,3
Heavy Metal v28 04 (2004).cbr,1Sk6Id7NdiY1bxd1S4s34Vsmx6Rc-n9Ig,28,4
Heavy Metal v28 05 (2004) (Humperdido).cbr,1QerAXtW-Su9wStdOWuv0v_v9KeGdUOWI,28,5
Heavy Metal v28 06 (2005).cbr,1mLTe_yBJZYh1eEj-3TP_OQtXtMhG9aFF,28,6
Heavy Metal v29 01 (2005).cbr,1ZQh5mk6636AUqC3XYipFao1udbp9ZP3s,29,1
Heavy Metal v29 02 (2005).cbr,1-UqARIYNwlveaPcahXLEEtmgq8oqETcP,29,2
Heavy Metal v29 03 (2005).cbr,17nQhQ59uR-r_Ma7sMLryCYDhv56UgfH0,29,3
Heavy Metal v29 04 (2005).cbz,1zh1MV3PV2EAViB3EwyZmMcF39zzRFe7N,29,4
Heavy Metal v29 05 (2005-11) (svengali-DCP).cbz,1UJghICoWX5OSW8FLrWtYfGFDb1p8LPdi,29,5
Heavy Metal v29 06 (2006) (svengali-DCP).cbz,11XnsrRt6luy0yEHYc-0OqvuPjhL4ntqE,29,6
Heavy Metal v30 01 (2006-03) (svengali-DCP).cbz,1A7lIX5gxBvZLwuiURO10VCrlDbRExee-,30,1
Heavy Metal v30 02 (2006-05) (svengali-DCP).cbz,1rTN-D6ETq3FrR-o5GmaGytUvOGsXK5t6,30,2
Heavy Metal v30 03 (2006-07) (svengali-DCP).cbz,1MJmmh4SbBajDC861CbqBlNMF6FMtB2sc,30,3
Heavy Metal v30 04 (2006) (svengali-DCP).cbz,1tCU653dEClVJ1nteoD-t9cEtB1HgHG3i,30,4
Heavy Metal v30 05 (2006) (svengali-DCP).cbz,1cL1UQbSWnNtMH05IG_iQUZImiuX30TkT,30,5
Heavy Metal v30 06 (2007) (svengali-DCP).cbz,1t1btx4BTFsY3hNPijOblDHG9tPTeH_1W,30,6
Heavy Metal v31 01 (2007) (svengali-DCP).cbz,1OxS-6_OEnDVPMEjdQuc-SGnGjZDxSqt5,31,1
Heavy Metal v31 02 (2007) (svengali-DCP).cbz,1RsyYckjQZL6EYETJoi0LypET-t8qJ3D-,31,2
Heavy Metal v31 03 (2007) (svengali-DCP).cbz,1cQ4jCsM5wdnLN4SK0m9oYt_zG5sQ5k4P,31,3
Heavy Metal v31 04 (2007) (svengali-DCP).cbz,1HvMjJay7faVK4Upc3qRrWvFJtxYZxO1K,31,4
Heavy Metal v31 05 (2007) (svengali-DCP).cbz,1lo2L8ayoggYpqQmT4jLhF1_VtygHKWUT,31,5
Heavy Metal v31 06 (2008) (svengali-DCP).cbz,1Nz1umq5CCi0kwk6SX7Da8iAkVXPsVUH4,31,6
Heavy Metal v32 01 (2008-03) (svengali-DCP).cbz,1zRarZRk4lJYBypyfy4Cyv9Rv4nNfo2hO,32,1
Heavy Metal v32 02 (2008-05).cbr,1ScdwVmzxzrXBFS_o-LAenFjQvs_7Z38I,32,2
Heavy Metal v32 03 (2008) (svengali-DCP).cbr,1sU_GS0ferhbiQIfqmCn7izdG0pw_4SFW,32,3
Heavy Metal v32 04 (2008) (svengali-DCP).cbr,12J7htDBwDf7TuJibUsAl0VU_F3jRwTki,32,4
Heavy Metal v32 05 (2008) (svengali-DCP).cbr,1eSAYDdPhKfB6H0UPrJ01im2kYSAn4yKV,32,5
Heavy Metal v32 06 (2009) (svengali-DCP).cbr,1_ZGJ8gbZmcL5nVV3TJLOur0uw37j6qsR,32,6
Heavy Metal v32 07 (2008).cbr,1LOKF9UBZs0Q9H5huznPWIQZNRhTdQR-8,32,7
Heavy Metal v32 08 (2008) (Eerie Special).cbr,19Qsk_W72xBQ4sNkHR5L-pxs1NmyDQC_A,32,8
Heavy Metal v33 01 (2009) (svengali-DCP).cbr,1oOJIV1JR7ApbFU-egxS6xIbxSUF8YbGw,33,1
Heavy Metal v33 02 (2009) (Cryptic Special) (svengali-DCP).cbz,1LgHtVwh5wYpKCbnBjq8rhlGXgTWlbS4s,33,2
Heavy Metal v33 03 (2009) (svengali-DCP).cbz,1Z7Ic1N_4Dnfx0tiOg_gvPAFLtGKuDTvV,33,3
Heavy Metal v33 04 (2009) (svengali-DCP).cbz,1LzkVbROUVOcvHV0bLoo9APja6NpqtHt-,33,4
Heavy Metal v33 05 (2009) (Arcane Special) (svengali-DCP).cbz,1auAkTCLANunjFHiokcJIZaxVFaHKeWos,33,5
Heavy Metal v33 06 (2009) (svengali-DCP).cbr,1AbLDbygTxZ7JsqI7hWJbjAP2mHXeZRH0,33,6
Heavy Metal v33 07 (2009) (svengali-DCP).cbr,1E9cDlXWH-JNVYWMewoN94XJJdH6qRngR,33,7
Heavy Metal v33 08 (2009) (Terror Special) (svengali-DCP).cbr,1vWTlgpkTaFeP7WgLO3PGarZzSO_YS90_,33,8
Heavy Metal v33 09 (2010) (svengali-DCP).cbr,1B9jzTgqzY0JTfW-lbASJSgs9sDDhP7uP,33,9
Heavy Metal v34 01 (2010) (c2c) (svengali-DCP).cbr,15sqNYCjlt2eJtl6Z7e_fROX2wEyBR7Cp,34,1
Heavy Metal v34 02 (2010) (Mythical Special) (svengali-DCP).cbr,15HEAP2NfStWQWRlr15zg_IcIwvnazuYf,34,2
Heavy Metal v34 03 (2010) (c2c) (svengali-DCP).cbr,15jZUW9gEBQKDqN0PuR6Q_lDEc2la3rux,34,3
Heavy Metal v34 04 (2010) (c2c) (svengali-DCP).cbr,1BQpufCo5I-ckBlioFkXd0wsVWLyrg-R6,34,4
Heavy Metal v34 05 (2010) (Forbidden Special) (c2c) (svengali-DCP).cbr,1msvuRICZe2lzTkGXkPacwgR5cuL01khg,34,5
Heavy Metal v34 06 (2010) (svengali-DCP).cbz,1uGDCFo39lMfvtb-Pc9n_xKsXCKchPCZI,34,6
Heavy Metal v34 07 (2010) (Vague Prophet and Vapor Trail).cbr,16uThHlcFpTq5HTr0eA2nlym6rAWoIl51,34,7
Heavy Metal v34 08 (2010) (Vague Prophet and Vapor Trail).cbr,1W_M0TrURzn1-4jtsPPNcxs9sBLbows5v,34,8
Heavy Metal v34 09 (2011) (Vague Prophet and Vapor Trail).cbr,1JsokdOP-9-tV9I37r3aT4Ye2JPUc2Vr3,34,9
Heavy Metal v35 001 (2011-03).cbr,17DYfz9IxXdiYgcAcnbPLq-0vxYH1bPdq,35,1
Heavy Metal v35 02 (2011-05).cbr,1dU_ITSLlAcCOK_iZlle3lX6_r1o8IAaW,35,2
Heavy Metal v35 04 (2011-07).cbr,1KpF7Vsabubsn1lSm6Awij7tdXR6KqoDZ,35,4
Heavy Metal v35 05 Special (2011-Summer) - War of the Worlds Special.cbr,1cGusIVH8I_BY3GGe6mNZS4y9waRithky,35,5
Heavy Metal v35 06 (2011-09).cbr,1b0ZVSKYMNlrUPOPy-3h893Ty6H0Bm7y7,35,6
Heavy Metal v35 07 (2011-11).cbr,1BT0fVlc4QxUt5niH05G_oF_-myB7lbpK,35,7
Heavy Metal v35 08 (2012).cbr,1dmsioCDlCbsZbwM6oYrsMj3ChP22h7Up,35,8
Heavy Metal v36 001 (2012) (hybrid) (null-DCP).cbz,19CgB6gcVXq64gZrik9sZZ97V1ylGC9Qr,36,1
Heavy Metal V12 03 (1988) (c2c) (Lazarus-DCP).cbz,1gMX9zFY58vSzxUfAt7cGdxMi9A53VicT,NA,NA
Heavy Metal 292 (2018) (4 covers) (Digital) (Mephisto-Empire).cbr,1PDcIvSsRprhpbvlLnPAxsbTfwBmtWNnF,NA,NA
Heavy Metal 291 (2018) (4 covers) (Digital) (Mephisto-Empire).cbr,1A9bTJKh2D-GSwvUx8B9LbUMWDjlRLsPC,NA,NA
Heavy Metal 290 (2018) (4 covers) (Digital) (Mephisto-Empire).cbr,1l8gZoutlJ0xfAiRE7duYGq91oucd7Nxk,NA,NA
Heavy Metal 289 (2018) (4 covers) (Digital) (Mephisto-Empire).cbr,1XD4-qHeC151sTviaHe7FULWZ6qnuDt73,NA,NA
Heavy Metal 288 (2017) (3 covers) (Digital) (Mephisto-Empire).cbr,1Ak_yqJwFT6xm1jNhzI9VGM9IpeurXcqy,NA,NA
Heavy Metal 287 (2017) (3 covers) (Digital) (Mephisto-Empire).cbr,1jeqSY7v4pDcQYRPGMRQA2nZKxeHeGiKB,NA,NA
Heavy Metal 286 (2017) (3 covers) (Digital) (Mephisto-Empire).cbr,1jKNcFQEoNK9p-VnN30YxGMAuc1-oFFmE,NA,NA
Heavy Metal 285 (2017) (3 covers) (Digital) (Mephisto-Empire).cbr,1_qPR26bp_CyO6xKt43x1LfRxkd76d0sv,NA,NA
Heavy Metal 284 (2016) (3 covers) (Digital) (Mephisto-Empire).cbr,1rfEYpxXI9-ahLE5d7zKrpYkbRapIyUZw,NA,NA
Heavy Metal 283 (2016) (3 covers) (Digital) (Mephisto-Empire).cbr,1qEyu_6ZQtm9IU_RVzHE9KEMrcp6w2mee,NA,NA
Heavy Metal 282(2016)(Digital)(TLK-EMPIRE-HD).cbr,1NpYsHsRuSxTVMth5b9nr4CkrGhWdnIix,NA,NA
Heavy Metal 281(2016)(4 covers)(Digital)(TLK-EMPIRE-HD).cbr,1n7RpQAFZnHC2FXXGjig-sbyomxigylJm,NA,NA
Heavy Metal 280(2016)(Digital)(TLK-EMPIRE-HD).cbr,1nJnUok8Ynmr3Z7mSKEEwfkLGHhmz1Res,NA,NA
Heavy Metal 279(2016)(Digital)(TLK-EMPIRE-HD).cbr,1krOGuSlLU4zL-M25P2lPXlBQTYM68ffa,NA,NA
Heavy Metal 278(F)(2016)(Digital)(TLK-EMPIRE-HD).cbr,1JgotF6jiKkyBki6Dr2pH6ql3pxgJX1f5,NA,NA
Heavy Metal 277(2015)(Digital)(TLK-EMPIRE-HD).cbr,1d23Mf3dQpsHjpvhMiEZ_PpDiN0tEXKQ9,NA,NA
Heavy Metal 276(2015)(2 covers)(Digital)(TLK-EMPIRE-HD).cbr,1cSLYyGv9FD6b-Rm3FWOnk2aQZVhR6mmz,NA,NA
Heavy Metal 275(2015)(Digital)(TLK-EMPIRE-HD).cbr,1YDihaBc_ZJ34gVIWeESHI5DMgTiBEo_Y,NA,NA
Heavy Metal 274(2015)(Digital)(TLK-EMPIRE-HD).cbr,1D9lMNGYoM5RmDjnXF60N9Sn3C_fLM6pp,NA,NA
Heavy Metal 273(2015)(Digital)(TLK-EMPIRE-HD).cbr,13xuJrRSvHT7mNZCgY0m_yDhFkWV8g2V5,NA,NA
Heavy Metal 272(2014)(Digital)(TLK-EMPIRE-HD).cbr,1_X_v-w4uaL8n_P4T7bRDNsKsDcpAm0oD,NA,NA
Heavy Metal 271(2014)(Digital)(TLK-EMPIRE-HD).cbr,1Qkvpkx9TKQnBlQvuTjPAZCpy0IJ6weWr,NA,NA
Heavy Metal 270(2014)(Digital)(TLK-EMPIRE-HD).cbr,1fQWk5zYnf7fQGKp2_6LunqrF91iJuZSC,NA,NA
Heavy Metal 269(2014)(Digital)(TLK-EMPIRE-HD).cbr,1KRL5IFwjXPelPt_0IFJuNz22Q766PGwM,NA,NA
Heavy Metal 268 (2014) (Digital-Empire).cbr,1D1csfSp94jsorswk82r9J2sKNWC125Nc,NA,NA
Heavy Metal 267(2014)(c2c)(TLK-EMPIRE).cbr,1GnZs_C_scnaua0JgPl_OR7FR_jRYAYsW,NA,NA
Heavy Metal 266(2013)(c2c)(TLK-EMPIRE).cbr,19_UYIZ46GkNd9wl3YcnFKOj_o312gMDN,NA,NA
Heavy Metal 265 (c2c) (2013-09).cbz,1U87NUsvl3YCOruIN9mdFF3OQNn_Hm8st,NA,NA
Heavy Metal 264 (2013) (null-DCP).cbz,1Y1J7aOg1UiwSQUKEcO1_nsSRo3ThiE3A,NA,NA
Heavy Metal 263 (2013) (null-DCP).cbz,1cPhzivDlAtP695LzDzfO3JmFy59PHYxN,NA,NA
Heavy Metal 262 (2013) (digital-LQ) (Mars911).cbr,1Rp7bEGGqlD6O5N9-tb2HSAMIUbx_lSU2,NA,NA
Heavy Metal 261 (2013) (digital-LQ) (TECHNORCH).cbz,1oiqfVlL0bRMifiHTfITQC9tI8i_Qruv2,NA,NA
Heavy Metal 260 (2012) (digital-LQ) (Mars911).cbr,1NxpaVZ-YbltnlKrd0qz102rKc-gyB9Qp,NA,NA
Heavy Metal 259 (2012-03) (c2c).cbr,1yvK7rBsiptKK7Cb97juN4suTZGokPptg,NA,NA
